rgn_id,stock_id_taxonkey,year,mean_catch
1,Marine_animals-77_100000,2001,0.986915084388889
1,Scombroids-77_100036,2001,20.8094223227778
1,"Sharks,_rays,_chimaeras-77_100038",2001,23.9846436111111
1,Marine_fishes_not_identified-77_100039,2001,93.7818268583333
1,Miscellaneous_marine_crustaceans-77_100047,2001,0.867906666666667
1,"Clams,_cockles,_arkshells-77_100056",2001,19.6187486111111
1,Miscellaneous_marine_molluscs-77_100058,2001,9.68745694444444
1,Starfish_and_other_echinoderms-77_100176,2001,0.00614694444444444
1,"Shrimps,_prawns-77_100345",2001,26.5701211111111
1,Gastropoda-77_290006,2001,3.36725705882353
1,Asteroidea-77_290010,2001,0.0254647058823529
1,Echinoidea-77_290011,2001,22.2861222222222
1,Rajiformes-77_300014,2001,12.3246427805556
1,Clupeiformes-77_300028,2001,0.251075515247312
1,Gadiformes-77_300044,2001,0.850145878972222
1,Perciformes-77_300060,2001,1.89371219444444
1,Pleuronectiformes-77_300061,2001,21.7155027777778
1,Teuthida-77_390002,2001,168.55439147575
1,Octopoda-77_390007,2001,0.119479722222222
1,Carcharhinidae-77_400011,2001,2.15752536761111
1,Clupeidae-77_400043,2001,0.0552521875721562
1,Ariidae-77_400145,2001,0.128990277777778
1,Macrouridae-77_400185,2001,0.549951111111111
1,Exocoetidae-77_400206,2001,2.00499419354839e-4
1,Atherinidae-77_400218,2001,0.121211370967742
1,Berycidae-77_400240,2001,12.3582605611111
1,Scorpaenidae-77_400264,2001,42.1411912903226
1,Serranidae-77_400289,2001,0.0624480555555556
1,Carangidae-77_400314,2001,1.5875e-5
1,Lutjanidae-77_400323,2001,15.0162297222222
1,Gerreidae-77_400326,2001,3.57943376344086
1,Haemulidae-77_400327,2001,0.229493611111111
1,Sparidae-77_400330,2001,2.872063125
1,Sciaenidae-77_400331,2001,0.628899166666667
1,Mugilidae-77_400359,2001,29.0462188888889
1,Trichiuridae-77_400415,2001,1.89440588684375
1,Istiophoridae-77_400419,2001,10.8836657777778
1,Stromateidae-77_400425,2001,0.977751182795699
1,Bothidae-77_400439,2001,2.54002993548387e-5
1,Balistidae-77_400445,2001,0.505482777777778
1,Lithodidae-77_490036,2001,0.021171875
1,Crangonidae-77_490044,2001,0.444934210526316
1,Mytilidae-77_490054,2001,2.14918888888889
1,Veneridae-77_490060,2001,1.37312694444444
1,Brachyura-77_490097,2001,5.17197666666667
1,Mustelus-77_500348,2001,1.2068e-4
1,Lutjanus-77_500357,2001,2.58229722222222
1,Epinephelus-77_500366,2001,3.16750083333333
1,Sphyraena-77_500372,2001,1.31513443875
1,Caranx-77_500467,2001,5.84748972222222
1,Centropomus-77_500504,2001,0.154346944444444
1,Trachinotus-77_500598,2001,0.115004722222222
1,Sphyrna-77_500693,2001,0.0724714285714286
1,Micropogonias-77_501327,2001,0.767402777777778
1,Thunnus-77_501905,2001,0.00137543995238095
1,Cynoscion-77_502794,2001,2.3e-4
1,Crassostrea-77_590014,2001,2.20174583333333
1,Haliotis-77_590046,2001,3.54463666666667
1,Strombus-77_590051,2001,1.30447611111111
1,Panulirus-77_590083,2001,8.797995
1,Penaeus-77_590096,2001,8.10371388888889
1,Coryphaena_hippurus-77_600006,2001,8.67613183666667
1,Istiophorus_platypterus-77_600077,2001,1.95381327616667
1,Acanthocybium_solandri-77_600089,2001,1.81051981566667
1,Euthynnus_lineatus-77_600098,2001,0.752160083861111
1,Katsuwonus_pelamis-77_600107,2001,1198.04997222222
1,Scomber_japonicus-77_600117,2001,228.262093861111
1,Squalus_acanthias-77_600139,2001,42.0840123529412
1,Thunnus_alalunga-77_600142,2001,134.478301944444
1,Thunnus_albacares-77_600143,2001,473.610460833333
1,Thunnus_obesus-77_600146,2001,139.891123333333
1,Makaira_indica-77_600217,2001,0.249837795111111
1,Makaira_mazara-77_600218,2001,5.27558670066667
1,Tetrapturus_audax-77_600223,2001,12.2209567191944
1,Xiphias_gladius-77_600226,2001,38.7741381111111
1,Joturus_pichardi-77_600338,2001,0.090273185416666707
1,Seriola_lalandi-77_600382,2001,0.297914166666667
1,Isurus_oxyrinchus-77_600752,2001,0.919241022222222
1,Mugil_cephalus-77_600785,2001,9.23694944444444
1,Prionace_glauca-77_600898,2001,0.064461968
1,Lepidocybium_flavobrunneum-77_601042,2001,0.740883283333333
1,Lampris_guttatus-77_601072,2001,12.2233955555556
1,Megalops_atlanticus-77_601079,2001,2.7488e-6
1,Anchoa_hepsetus-77_601133,2001,0.003459375
1,Alopias_superciliosus-77_602534,2001,0.145729444444444
1,Alopias_vulpinus-77_602535,2001,2.87266388888889
1,Tetrapturus_angustirostris-77_603915,2001,0.00450486895
1,Dosidicus_gigas-77_690206,2001,6.41212603938889
1,Crassostrea_gigas-77_690283,2001,34.6829091666667
1,Marine_animals-77_100000,2002,0.986915084388889
1,Scombroids-77_100036,2002,20.8094223227778
1,"Sharks,_rays,_chimaeras-77_100038",2002,23.9846436111111
1,Marine_fishes_not_identified-77_100039,2002,93.7818268583333
1,Miscellaneous_marine_crustaceans-77_100047,2002,0.867906666666667
1,"Clams,_cockles,_arkshells-77_100056",2002,19.6187486111111
1,Miscellaneous_marine_molluscs-77_100058,2002,9.68745694444444
1,Starfish_and_other_echinoderms-77_100176,2002,0.00614694444444444
1,"Shrimps,_prawns-77_100345",2002,26.5701211111111
1,Gastropoda-77_290006,2002,3.36725705882353
1,Asteroidea-77_290010,2002,0.0254647058823529
1,Echinoidea-77_290011,2002,22.2861222222222
1,Rajiformes-77_300014,2002,12.3246427805556
1,Clupeiformes-77_300028,2002,0.251075515247312
1,Gadiformes-77_300044,2002,0.850145878972222
1,Perciformes-77_300060,2002,1.89371219444444
1,Pleuronectiformes-77_300061,2002,21.7155027777778
1,Teuthida-77_390002,2002,168.55439147575
1,Octopoda-77_390007,2002,0.119479722222222
1,Carcharhinidae-77_400011,2002,2.15752536761111
1,Clupeidae-77_400043,2002,0.0552521875721562
1,Ariidae-77_400145,2002,0.128990277777778
1,Macrouridae-77_400185,2002,0.549951111111111
1,Exocoetidae-77_400206,2002,2.00499419354839e-4
1,Atherinidae-77_400218,2002,0.121211370967742
1,Berycidae-77_400240,2002,12.3582605611111
1,Holocentridae-77_400243,2002,0.221747004608295
1,Scorpaenidae-77_400264,2002,42.1411912903226
1,Serranidae-77_400289,2002,0.0624480555555556
1,Carangidae-77_400314,2002,1.5875e-5
1,Lutjanidae-77_400323,2002,15.0162297222222
1,Gerreidae-77_400326,2002,3.57943376344086
1,Haemulidae-77_400327,2002,0.229493611111111
1,Lethrinidae-77_400328,2002,0.787552142857143
1,Sparidae-77_400330,2002,2.872063125
1,Sciaenidae-77_400331,2002,0.628899166666667
1,Mullidae-77_400332,2002,0.111423041474654
1,Mugilidae-77_400359,2002,29.0462188888889
1,Scaridae-77_400364,2002,0.642493571428571
1,Acanthuridae-77_400412,2002,0.197956866359447
1,Trichiuridae-77_400415,2002,1.89440588684375
1,Istiophoridae-77_400419,2002,10.8836657777778
1,Stromateidae-77_400425,2002,0.977751182795699
1,Bothidae-77_400439,2002,2.54002993548387e-5
1,Balistidae-77_400445,2002,0.505482777777778
1,Lithodidae-77_490036,2002,0.021171875
1,Crangonidae-77_490044,2002,0.444934210526316
1,Mytilidae-77_490054,2002,2.14918888888889
1,Veneridae-77_490060,2002,1.37312694444444
1,Brachyura-77_490097,2002,5.17197666666667
1,Mustelus-77_500348,2002,1.2068e-4
1,Lutjanus-77_500357,2002,2.58229722222222
1,Epinephelus-77_500366,2002,3.16750083333333
1,Sphyraena-77_500372,2002,1.31513443875
1,Caranx-77_500467,2002,5.84748972222222
1,Kyphosus-77_500477,2002,0.229523571428571
1,Centropomus-77_500504,2002,0.154346944444444
1,Trachinotus-77_500598,2002,0.115004722222222
1,Isurus-77_500638,2002,1.43335642857143
1,Alopias-77_500639,2002,0.603044285714286
1,Sphyrna-77_500693,2002,0.0724714285714286
1,Micropogonias-77_501327,2002,0.767402777777778
1,Thunnus-77_501905,2002,0.00137543995238095
1,Decapterus-77_502102,2002,0.668432350230415
1,Cynoscion-77_502794,2002,2.3e-4
1,Crassostrea-77_590014,2002,2.20174583333333
1,Haliotis-77_590046,2002,3.54463666666667
1,Strombus-77_590051,2002,1.30447611111111
1,Panulirus-77_590083,2002,8.797995
1,Penaeus-77_590096,2002,8.10371388888889
1,Coryphaena_hippurus-77_600006,2002,8.67613183666667
1,Istiophorus_platypterus-77_600077,2002,1.95381327616667
1,Aprion_virescens-77_600084,2002,1.62445
1,Acanthocybium_solandri-77_600089,2002,1.81051981566667
1,Euthynnus_lineatus-77_600098,2002,0.752160083861111
1,Katsuwonus_pelamis-77_600107,2002,1198.04997222222
1,Scomber_japonicus-77_600117,2002,228.262093861111
1,Squalus_acanthias-77_600139,2002,42.0840123529412
1,Thunnus_alalunga-77_600142,2002,134.478301944444
1,Thunnus_albacares-77_600143,2002,473.610460833333
1,Thunnus_obesus-77_600146,2002,139.891123333333
1,Makaira_indica-77_600217,2002,0.249837795111111
1,Makaira_mazara-77_600218,2002,5.27558670066667
1,Tetrapturus_audax-77_600223,2002,12.2209567191944
1,Xiphias_gladius-77_600226,2002,38.7741381111111
1,Joturus_pichardi-77_600338,2002,0.090273185416666707
1,Seriola_lalandi-77_600382,2002,0.297914166666667
1,Selar_crumenophthalmus-77_600387,2002,2.33357825806452
1,Elagatis_bipinnulata-77_600412,2002,0.0377121428571429
1,Isurus_oxyrinchus-77_600752,2002,0.919241022222222
1,Mugil_cephalus-77_600785,2002,9.23694944444444
1,Prionace_glauca-77_600898,2002,0.064461968
1,Lepidocybium_flavobrunneum-77_601042,2002,0.740883283333333
1,Ruvettus_pretiosus-77_601044,2002,2.87193214285714
1,Lampris_guttatus-77_601072,2002,12.2233955555556
1,Megalops_atlanticus-77_601079,2002,2.7488e-6
1,Anchoa_hepsetus-77_601133,2002,0.003459375
1,Alopias_superciliosus-77_602534,2002,0.145729444444444
1,Alopias_vulpinus-77_602535,2002,2.87266388888889
1,Tetrapturus_angustirostris-77_603915,2002,0.00450486895
1,Dosidicus_gigas-77_690206,2002,6.41212603938889
1,Crassostrea_gigas-77_690283,2002,34.6829091666667
1,Marine_animals-77_100000,2003,0.986915084388889
1,Scombroids-77_100036,2003,20.8094223227778
1,"Sharks,_rays,_chimaeras-77_100038",2003,23.9846436111111
1,Marine_fishes_not_identified-77_100039,2003,93.7818268583333
1,Miscellaneous_marine_crustaceans-77_100047,2003,0.867906666666667
1,"Clams,_cockles,_arkshells-77_100056",2003,19.6187486111111
1,Miscellaneous_marine_molluscs-77_100058,2003,9.68745694444444
1,Starfish_and_other_echinoderms-77_100176,2003,0.00614694444444444
1,"Shrimps,_prawns-77_100345",2003,26.5701211111111
1,Gastropoda-77_290006,2003,3.36725705882353
1,Asteroidea-77_290010,2003,0.0254647058823529
1,Echinoidea-77_290011,2003,22.2861222222222
1,Rajiformes-77_300014,2003,12.3246427805556
1,Clupeiformes-77_300028,2003,0.251075515247312
1,Gadiformes-77_300044,2003,0.850145878972222
1,Perciformes-77_300060,2003,1.89371219444444
1,Pleuronectiformes-77_300061,2003,21.7155027777778
1,Teuthida-77_390002,2003,168.55439147575
1,Octopoda-77_390007,2003,0.119479722222222
1,Carcharhinidae-77_400011,2003,2.15752536761111
1,Clupeidae-77_400043,2003,0.0552521875721562
1,Ariidae-77_400145,2003,0.128990277777778
1,Macrouridae-77_400185,2003,0.549951111111111
1,Exocoetidae-77_400206,2003,2.00499419354839e-4
1,Atherinidae-77_400218,2003,0.121211370967742
1,Berycidae-77_400240,2003,12.3582605611111
1,Holocentridae-77_400243,2003,0.221747004608295
1,Scorpaenidae-77_400264,2003,42.1411912903226
1,Serranidae-77_400289,2003,0.0624480555555556
1,Carangidae-77_400314,2003,1.5875e-5
1,Lutjanidae-77_400323,2003,15.0162297222222
1,Gerreidae-77_400326,2003,3.57943376344086
1,Haemulidae-77_400327,2003,0.229493611111111
1,Lethrinidae-77_400328,2003,0.787552142857143
1,Sparidae-77_400330,2003,2.872063125
1,Sciaenidae-77_400331,2003,0.628899166666667
1,Mullidae-77_400332,2003,0.111423041474654
1,Mugilidae-77_400359,2003,29.0462188888889
1,Scaridae-77_400364,2003,0.642493571428571
1,Acanthuridae-77_400412,2003,0.197956866359447
1,Trichiuridae-77_400415,2003,1.89440588684375
1,Istiophoridae-77_400419,2003,10.8836657777778
1,Stromateidae-77_400425,2003,0.977751182795699
1,Bothidae-77_400439,2003,2.54002993548387e-5
1,Balistidae-77_400445,2003,0.505482777777778
1,Lithodidae-77_490036,2003,0.021171875
1,Crangonidae-77_490044,2003,0.444934210526316
1,Mytilidae-77_490054,2003,2.14918888888889
1,Veneridae-77_490060,2003,1.37312694444444
1,Brachyura-77_490097,2003,5.17197666666667
1,Mustelus-77_500348,2003,1.2068e-4
1,Lutjanus-77_500357,2003,2.58229722222222
1,Epinephelus-77_500366,2003,3.16750083333333
1,Sphyraena-77_500372,2003,1.31513443875
1,Caranx-77_500467,2003,5.84748972222222
1,Kyphosus-77_500477,2003,0.229523571428571
1,Centropomus-77_500504,2003,0.154346944444444
1,Trachinotus-77_500598,2003,0.115004722222222
1,Isurus-77_500638,2003,1.43335642857143
1,Alopias-77_500639,2003,0.603044285714286
1,Sphyrna-77_500693,2003,0.0724714285714286
1,Micropogonias-77_501327,2003,0.767402777777778
1,Thunnus-77_501905,2003,0.00137543995238095
1,Decapterus-77_502102,2003,0.668432350230415
1,Cynoscion-77_502794,2003,2.3e-4
1,Crassostrea-77_590014,2003,2.20174583333333
1,Haliotis-77_590046,2003,3.54463666666667
1,Strombus-77_590051,2003,1.30447611111111
1,Panulirus-77_590083,2003,8.797995
1,Penaeus-77_590096,2003,8.10371388888889
1,Coryphaena_hippurus-77_600006,2003,8.67613183666667
1,Istiophorus_platypterus-77_600077,2003,1.95381327616667
1,Aprion_virescens-77_600084,2003,1.62445
1,Acanthocybium_solandri-77_600089,2003,1.81051981566667
1,Euthynnus_lineatus-77_600098,2003,0.752160083861111
1,Katsuwonus_pelamis-77_600107,2003,1198.04997222222
1,Scomber_japonicus-77_600117,2003,228.262093861111
1,Squalus_acanthias-77_600139,2003,42.0840123529412
1,Thunnus_alalunga-77_600142,2003,134.478301944444
1,Thunnus_albacares-77_600143,2003,473.610460833333
1,Thunnus_obesus-77_600146,2003,139.891123333333
1,Makaira_indica-77_600217,2003,0.249837795111111
1,Makaira_mazara-77_600218,2003,5.27558670066667
1,Tetrapturus_audax-77_600223,2003,12.2209567191944
1,Xiphias_gladius-77_600226,2003,38.7741381111111
1,Joturus_pichardi-77_600338,2003,0.090273185416666707
1,Seriola_lalandi-77_600382,2003,0.297914166666667
1,Selar_crumenophthalmus-77_600387,2003,2.33357825806452
1,Elagatis_bipinnulata-77_600412,2003,0.0377121428571429
1,Isurus_oxyrinchus-77_600752,2003,0.919241022222222
1,Mugil_cephalus-77_600785,2003,9.23694944444444
1,Prionace_glauca-77_600898,2003,0.064461968
1,Lepidocybium_flavobrunneum-77_601042,2003,0.740883283333333
1,Ruvettus_pretiosus-77_601044,2003,2.87193214285714
1,Lampris_guttatus-77_601072,2003,12.2233955555556
1,Megalops_atlanticus-77_601079,2003,2.7488e-6
1,Anchoa_hepsetus-77_601133,2003,0.003459375
1,Alopias_superciliosus-77_602534,2003,0.145729444444444
1,Alopias_vulpinus-77_602535,2003,2.87266388888889
1,Tetrapturus_angustirostris-77_603915,2003,0.00450486895
1,Dosidicus_gigas-77_690206,2003,6.41212603938889
1,Crassostrea_gigas-77_690283,2003,34.6829091666667
1,Marine_animals-77_100000,2004,0.986915084388889
1,Scombroids-77_100036,2004,20.8094223227778
1,"Sharks,_rays,_chimaeras-77_100038",2004,23.9846436111111
1,Marine_fishes_not_identified-77_100039,2004,93.7818268583333
1,Miscellaneous_marine_crustaceans-77_100047,2004,0.867906666666667
1,"Clams,_cockles,_arkshells-77_100056",2004,19.6187486111111
1,Miscellaneous_marine_molluscs-77_100058,2004,9.68745694444444
1,Starfish_and_other_echinoderms-77_100176,2004,0.00614694444444444
1,"Shrimps,_prawns-77_100345",2004,26.5701211111111
1,Gastropoda-77_290006,2004,3.36725705882353
1,Asteroidea-77_290010,2004,0.0254647058823529
1,Echinoidea-77_290011,2004,22.2861222222222
1,Holothuroidea-77_290012,2004,1.1127525
1,Rajiformes-77_300014,2004,12.3246427805556
1,Clupeiformes-77_300028,2004,0.251075515247312
1,Gadiformes-77_300044,2004,0.850145878972222
1,Perciformes-77_300060,2004,1.89371219444444
1,Pleuronectiformes-77_300061,2004,21.7155027777778
1,Teuthida-77_390002,2004,168.55439147575
1,Octopoda-77_390007,2004,0.119479722222222
1,Carcharhinidae-77_400011,2004,2.15752536761111
1,Clupeidae-77_400043,2004,0.0552521875721562
1,Ariidae-77_400145,2004,0.128990277777778
1,Macrouridae-77_400185,2004,0.549951111111111
1,Exocoetidae-77_400206,2004,2.00499419354839e-4
1,Atherinidae-77_400218,2004,0.121211370967742
1,Berycidae-77_400240,2004,12.3582605611111
1,Holocentridae-77_400243,2004,0.221747004608295
1,Scorpaenidae-77_400264,2004,42.1411912903226
1,Serranidae-77_400289,2004,0.0624480555555556
1,Carangidae-77_400314,2004,1.5875e-5
1,Lutjanidae-77_400323,2004,15.0162297222222
1,Gerreidae-77_400326,2004,3.57943376344086
1,Haemulidae-77_400327,2004,0.229493611111111
1,Lethrinidae-77_400328,2004,0.787552142857143
1,Sparidae-77_400330,2004,2.872063125
1,Sciaenidae-77_400331,2004,0.628899166666667
1,Mullidae-77_400332,2004,0.111423041474654
1,Mugilidae-77_400359,2004,29.0462188888889
1,Scaridae-77_400364,2004,0.642493571428571
1,Acanthuridae-77_400412,2004,0.197956866359447
1,Trichiuridae-77_400415,2004,1.89440588684375
1,Istiophoridae-77_400419,2004,10.8836657777778
1,Stromateidae-77_400425,2004,0.977751182795699
1,Bothidae-77_400439,2004,2.54002993548387e-5
1,Balistidae-77_400445,2004,0.505482777777778
1,Lithodidae-77_490036,2004,0.021171875
1,Crangonidae-77_490044,2004,0.444934210526316
1,Mytilidae-77_490054,2004,2.14918888888889
1,Veneridae-77_490060,2004,1.37312694444444
1,Brachyura-77_490097,2004,5.17197666666667
1,Mustelus-77_500348,2004,1.2068e-4
1,Lutjanus-77_500357,2004,2.58229722222222
1,Epinephelus-77_500366,2004,3.16750083333333
1,Sphyraena-77_500372,2004,1.31513443875
1,Caranx-77_500467,2004,5.84748972222222
1,Kyphosus-77_500477,2004,0.229523571428571
1,Centropomus-77_500504,2004,0.154346944444444
1,Trachinotus-77_500598,2004,0.115004722222222
1,Isurus-77_500638,2004,1.43335642857143
1,Alopias-77_500639,2004,0.603044285714286
1,Sphyrna-77_500693,2004,0.0724714285714286
1,Micropogonias-77_501327,2004,0.767402777777778
1,Thunnus-77_501905,2004,0.00137543995238095
1,Decapterus-77_502102,2004,0.668432350230415
1,Cynoscion-77_502794,2004,2.3e-4
1,Crassostrea-77_590014,2004,2.20174583333333
1,Haliotis-77_590046,2004,3.54463666666667
1,Strombus-77_590051,2004,1.30447611111111
1,Panulirus-77_590083,2004,8.797995
1,Penaeus-77_590096,2004,8.10371388888889
1,Coryphaena_hippurus-77_600006,2004,8.67613183666667
1,Istiophorus_platypterus-77_600077,2004,1.95381327616667
1,Aprion_virescens-77_600084,2004,1.62445
1,Acanthocybium_solandri-77_600089,2004,1.81051981566667
1,Euthynnus_lineatus-77_600098,2004,0.752160083861111
1,Katsuwonus_pelamis-77_600107,2004,1198.04997222222
1,Scomber_japonicus-77_600117,2004,228.262093861111
1,Squalus_acanthias-77_600139,2004,42.0840123529412
1,Thunnus_alalunga-77_600142,2004,134.478301944444
1,Thunnus_albacares-77_600143,2004,473.610460833333
1,Thunnus_obesus-77_600146,2004,139.891123333333
1,Makaira_indica-77_600217,2004,0.249837795111111
1,Makaira_mazara-77_600218,2004,5.27558670066667
1,Tetrapturus_audax-77_600223,2004,12.2209567191944
1,Xiphias_gladius-77_600226,2004,38.7741381111111
1,Joturus_pichardi-77_600338,2004,0.090273185416666707
1,Seriola_lalandi-77_600382,2004,0.297914166666667
1,Selar_crumenophthalmus-77_600387,2004,2.33357825806452
1,Elagatis_bipinnulata-77_600412,2004,0.0377121428571429
1,Isurus_oxyrinchus-77_600752,2004,0.919241022222222
1,Mugil_cephalus-77_600785,2004,9.23694944444444
1,Prionace_glauca-77_600898,2004,0.064461968
1,Lepidocybium_flavobrunneum-77_601042,2004,0.740883283333333
1,Ruvettus_pretiosus-77_601044,2004,2.87193214285714
1,Lampris_guttatus-77_601072,2004,12.2233955555556
1,Megalops_atlanticus-77_601079,2004,2.7488e-6
1,Anchoa_hepsetus-77_601133,2004,0.003459375
1,Alopias_superciliosus-77_602534,2004,0.145729444444444
1,Alopias_vulpinus-77_602535,2004,2.87266388888889
1,Tetrapturus_angustirostris-77_603915,2004,0.00450486895
1,Dosidicus_gigas-77_690206,2004,6.41212603938889
1,Crassostrea_gigas-77_690283,2004,34.6829091666667
1,Marine_animals-77_100000,2005,0.986915084388889
1,Scombroids-77_100036,2005,20.8094223227778
1,"Sharks,_rays,_chimaeras-77_100038",2005,23.9846436111111
1,Marine_fishes_not_identified-77_100039,2005,93.7818268583333
1,Miscellaneous_marine_crustaceans-77_100047,2005,0.867906666666667
1,"Clams,_cockles,_arkshells-77_100056",2005,19.6187486111111
1,Miscellaneous_marine_molluscs-77_100058,2005,9.68745694444444
1,Starfish_and_other_echinoderms-77_100176,2005,0.00614694444444444
1,"Shrimps,_prawns-77_100345",2005,26.5701211111111
1,Gastropoda-77_290006,2005,3.36725705882353
1,Asteroidea-77_290010,2005,0.0254647058823529
1,Echinoidea-77_290011,2005,22.2861222222222
1,Holothuroidea-77_290012,2005,1.1127525
1,Rajiformes-77_300014,2005,12.3246427805556
1,Clupeiformes-77_300028,2005,0.251075515247312
1,Gadiformes-77_300044,2005,0.850145878972222
1,Perciformes-77_300060,2005,1.89371219444444
1,Pleuronectiformes-77_300061,2005,21.7155027777778
1,Teuthida-77_390002,2005,168.55439147575
1,Octopoda-77_390007,2005,0.119479722222222
1,Carcharhinidae-77_400011,2005,2.15752536761111
1,Sphyrnidae-77_400012,2005,2.02727272727273e-4
1,Clupeidae-77_400043,2005,0.0552521875721562
1,Ariidae-77_400145,2005,0.128990277777778
1,Macrouridae-77_400185,2005,0.549951111111111
1,Exocoetidae-77_400206,2005,2.00499419354839e-4
1,Atherinidae-77_400218,2005,0.121211370967742
1,Berycidae-77_400240,2005,12.3582605611111
1,Holocentridae-77_400243,2005,0.221747004608295
1,Scorpaenidae-77_400264,2005,42.1411912903226
1,Serranidae-77_400289,2005,0.0624480555555556
1,Carangidae-77_400314,2005,1.5875e-5
1,Lutjanidae-77_400323,2005,15.0162297222222
1,Gerreidae-77_400326,2005,3.57943376344086
1,Haemulidae-77_400327,2005,0.229493611111111
1,Lethrinidae-77_400328,2005,0.787552142857143
1,Sparidae-77_400330,2005,2.872063125
1,Sciaenidae-77_400331,2005,0.628899166666667
1,Mullidae-77_400332,2005,0.111423041474654
1,Mugilidae-77_400359,2005,29.0462188888889
1,Scaridae-77_400364,2005,0.642493571428571
1,Acanthuridae-77_400412,2005,0.197956866359447
1,Trichiuridae-77_400415,2005,1.89440588684375
1,Scombridae-77_400416,2005,4.92053272727273e-4
1,Istiophoridae-77_400419,2005,10.8836657777778
1,Stromateidae-77_400425,2005,0.977751182795699
1,Bothidae-77_400439,2005,2.54002993548387e-5
1,Balistidae-77_400445,2005,0.505482777777778
1,Lithodidae-77_490036,2005,0.021171875
1,Crangonidae-77_490044,2005,0.444934210526316
1,Mytilidae-77_490054,2005,2.14918888888889
1,Veneridae-77_490060,2005,1.37312694444444
1,Brachyura-77_490097,2005,5.17197666666667
1,Mustelus-77_500348,2005,1.2068e-4
1,Lutjanus-77_500357,2005,2.58229722222222
1,Epinephelus-77_500366,2005,3.16750083333333
1,Sphyraena-77_500372,2005,1.31513443875
1,Caranx-77_500467,2005,5.84748972222222
1,Kyphosus-77_500477,2005,0.229523571428571
1,Centropomus-77_500504,2005,0.154346944444444
1,Trachinotus-77_500598,2005,0.115004722222222
1,Isurus-77_500638,2005,1.43335642857143
1,Alopias-77_500639,2005,0.603044285714286
1,Sphyrna-77_500693,2005,0.0724714285714286
1,Micropogonias-77_501327,2005,0.767402777777778
1,Thunnus-77_501905,2005,0.00137543995238095
1,Decapterus-77_502102,2005,0.668432350230415
1,Cynoscion-77_502794,2005,2.3e-4
1,Crassostrea-77_590014,2005,2.20174583333333
1,Haliotis-77_590046,2005,3.54463666666667
1,Strombus-77_590051,2005,1.30447611111111
1,Panulirus-77_590083,2005,8.797995
1,Penaeus-77_590096,2005,8.10371388888889
1,Coryphaena_hippurus-77_600006,2005,8.67613183666667
1,Istiophorus_platypterus-77_600077,2005,1.95381327616667
1,Aprion_virescens-77_600084,2005,1.62445
1,Acanthocybium_solandri-77_600089,2005,1.81051981566667
1,Euthynnus_lineatus-77_600098,2005,0.752160083861111
1,Katsuwonus_pelamis-77_600107,2005,1198.04997222222
1,Scomber_japonicus-77_600117,2005,228.262093861111
1,Squalus_acanthias-77_600139,2005,42.0840123529412
1,Thunnus_alalunga-77_600142,2005,134.478301944444
1,Thunnus_albacares-77_600143,2005,473.610460833333
1,Thunnus_obesus-77_600146,2005,139.891123333333
1,Makaira_indica-77_600217,2005,0.249837795111111
1,Makaira_mazara-77_600218,2005,5.27558670066667
1,Tetrapturus_audax-77_600223,2005,12.2209567191944
1,Xiphias_gladius-77_600226,2005,38.7741381111111
1,Joturus_pichardi-77_600338,2005,0.090273185416666707
1,Seriola_lalandi-77_600382,2005,0.297914166666667
1,Selar_crumenophthalmus-77_600387,2005,2.33357825806452
1,Elagatis_bipinnulata-77_600412,2005,0.0377121428571429
1,Isurus_oxyrinchus-77_600752,2005,0.919241022222222
1,Mugil_cephalus-77_600785,2005,9.23694944444444
1,Prionace_glauca-77_600898,2005,0.064461968
1,Lepidocybium_flavobrunneum-77_601042,2005,0.740883283333333
1,Ruvettus_pretiosus-77_601044,2005,2.87193214285714
1,Lampris_guttatus-77_601072,2005,12.2233955555556
1,Megalops_atlanticus-77_601079,2005,2.7488e-6
1,Anchoa_hepsetus-77_601133,2005,0.003459375
1,Alopias_superciliosus-77_602534,2005,0.145729444444444
1,Alopias_vulpinus-77_602535,2005,2.87266388888889
1,Tetrapturus_angustirostris-77_603915,2005,0.00450486895
1,Dosidicus_gigas-77_690206,2005,6.41212603938889
1,Crassostrea_gigas-77_690283,2005,34.6829091666667
1,Marine_animals-77_100000,2006,0.986915084388889
1,Scombroids-77_100036,2006,20.8094223227778
1,"Sharks,_rays,_chimaeras-77_100038",2006,23.9846436111111
1,Marine_fishes_not_identified-77_100039,2006,93.7818268583333
1,Miscellaneous_marine_crustaceans-77_100047,2006,0.867906666666667
1,"Clams,_cockles,_arkshells-77_100056",2006,19.6187486111111
1,Miscellaneous_marine_molluscs-77_100058,2006,9.68745694444444
1,Starfish_and_other_echinoderms-77_100176,2006,0.00614694444444444
1,"Shrimps,_prawns-77_100345",2006,26.5701211111111
1,Gastropoda-77_290006,2006,3.36725705882353
1,Asteroidea-77_290010,2006,0.0254647058823529
1,Echinoidea-77_290011,2006,22.2861222222222
1,Holothuroidea-77_290012,2006,1.1127525
1,Rajiformes-77_300014,2006,12.3246427805556
1,Clupeiformes-77_300028,2006,0.251075515247312
1,Gadiformes-77_300044,2006,0.850145878972222
1,Perciformes-77_300060,2006,1.89371219444444
1,Pleuronectiformes-77_300061,2006,21.7155027777778
1,Teuthida-77_390002,2006,168.55439147575
1,Octopoda-77_390007,2006,0.119479722222222
1,Carcharhinidae-77_400011,2006,2.15752536761111
1,Sphyrnidae-77_400012,2006,2.02727272727273e-4
1,Clupeidae-77_400043,2006,0.0552521875721562
1,Ariidae-77_400145,2006,0.128990277777778
1,Macrouridae-77_400185,2006,0.549951111111111
1,Exocoetidae-77_400206,2006,2.00499419354839e-4
1,Atherinidae-77_400218,2006,0.121211370967742
1,Berycidae-77_400240,2006,12.3582605611111
1,Holocentridae-77_400243,2006,0.221747004608295
1,Scorpaenidae-77_400264,2006,42.1411912903226
1,Serranidae-77_400289,2006,0.0624480555555556
1,Carangidae-77_400314,2006,1.5875e-5
1,Lutjanidae-77_400323,2006,15.0162297222222
1,Gerreidae-77_400326,2006,3.57943376344086
1,Haemulidae-77_400327,2006,0.229493611111111
1,Lethrinidae-77_400328,2006,0.787552142857143
1,Sparidae-77_400330,2006,2.872063125
1,Sciaenidae-77_400331,2006,0.628899166666667
1,Mullidae-77_400332,2006,0.111423041474654
1,Mugilidae-77_400359,2006,29.0462188888889
1,Scaridae-77_400364,2006,0.642493571428571
1,Acanthuridae-77_400412,2006,0.197956866359447
1,Trichiuridae-77_400415,2006,1.89440588684375
1,Scombridae-77_400416,2006,4.92053272727273e-4
1,Istiophoridae-77_400419,2006,10.8836657777778
1,Stromateidae-77_400425,2006,0.977751182795699
1,Bothidae-77_400439,2006,2.54002993548387e-5
1,Balistidae-77_400445,2006,0.505482777777778
1,Lithodidae-77_490036,2006,0.021171875
1,Crangonidae-77_490044,2006,0.444934210526316
1,Mytilidae-77_490054,2006,2.14918888888889
1,Veneridae-77_490060,2006,1.37312694444444
1,Brachyura-77_490097,2006,5.17197666666667
1,Mustelus-77_500348,2006,1.2068e-4
1,Lutjanus-77_500357,2006,2.58229722222222
1,Epinephelus-77_500366,2006,3.16750083333333
1,Sphyraena-77_500372,2006,1.31513443875
1,Caranx-77_500467,2006,5.84748972222222
1,Kyphosus-77_500477,2006,0.229523571428571
1,Centropomus-77_500504,2006,0.154346944444444
1,Trachinotus-77_500598,2006,0.115004722222222
1,Isurus-77_500638,2006,1.43335642857143
1,Alopias-77_500639,2006,0.603044285714286
1,Sphyrna-77_500693,2006,0.0724714285714286
1,Micropogonias-77_501327,2006,0.767402777777778
1,Thunnus-77_501905,2006,0.00137543995238095
1,Decapterus-77_502102,2006,0.668432350230415
1,Cynoscion-77_502794,2006,2.3e-4
1,Crassostrea-77_590014,2006,2.20174583333333
1,Haliotis-77_590046,2006,3.54463666666667
1,Strombus-77_590051,2006,1.30447611111111
1,Panulirus-77_590083,2006,8.797995
1,Penaeus-77_590096,2006,8.10371388888889
1,Coryphaena_hippurus-77_600006,2006,8.67613183666667
1,Istiophorus_platypterus-77_600077,2006,1.95381327616667
1,Aprion_virescens-77_600084,2006,1.62445
1,Acanthocybium_solandri-77_600089,2006,1.81051981566667
1,Euthynnus_lineatus-77_600098,2006,0.752160083861111
1,Katsuwonus_pelamis-77_600107,2006,1198.04997222222
1,Scomber_japonicus-77_600117,2006,228.262093861111
1,Squalus_acanthias-77_600139,2006,42.0840123529412
1,Thunnus_alalunga-77_600142,2006,134.478301944444
1,Thunnus_albacares-77_600143,2006,473.610460833333
1,Thunnus_obesus-77_600146,2006,139.891123333333
1,Makaira_indica-77_600217,2006,0.249837795111111
1,Makaira_mazara-77_600218,2006,5.27558670066667
1,Tetrapturus_audax-77_600223,2006,12.2209567191944
1,Xiphias_gladius-77_600226,2006,38.7741381111111
1,Joturus_pichardi-77_600338,2006,0.090273185416666707
1,Seriola_lalandi-77_600382,2006,0.297914166666667
1,Selar_crumenophthalmus-77_600387,2006,2.33357825806452
1,Elagatis_bipinnulata-77_600412,2006,0.0377121428571429
1,Isurus_oxyrinchus-77_600752,2006,0.919241022222222
1,Mugil_cephalus-77_600785,2006,9.23694944444444
1,Prionace_glauca-77_600898,2006,0.064461968
1,Lepidocybium_flavobrunneum-77_601042,2006,0.740883283333333
1,Ruvettus_pretiosus-77_601044,2006,2.87193214285714
1,Lampris_guttatus-77_601072,2006,12.2233955555556
1,Megalops_atlanticus-77_601079,2006,2.7488e-6
1,Anchoa_hepsetus-77_601133,2006,0.003459375
1,Alopias_superciliosus-77_602534,2006,0.145729444444444
1,Alopias_vulpinus-77_602535,2006,2.87266388888889
1,Tetrapturus_angustirostris-77_603915,2006,0.00450486895
1,Dosidicus_gigas-77_690206,2006,6.41212603938889
1,Crassostrea_gigas-77_690283,2006,34.6829091666667
1,Marine_animals-77_100000,2007,0.986915084388889
1,Scombroids-77_100036,2007,20.8094223227778
1,"Sharks,_rays,_chimaeras-77_100038",2007,23.9846436111111
1,Marine_fishes_not_identified-77_100039,2007,93.7818268583333
1,Miscellaneous_marine_crustaceans-77_100047,2007,0.867906666666667
1,"Clams,_cockles,_arkshells-77_100056",2007,19.6187486111111
1,Miscellaneous_marine_molluscs-77_100058,2007,9.68745694444444
1,Starfish_and_other_echinoderms-77_100176,2007,0.00614694444444444
1,"Shrimps,_prawns-77_100345",2007,26.5701211111111
1,Gastropoda-77_290006,2007,3.36725705882353
1,Asteroidea-77_290010,2007,0.0254647058823529
1,Echinoidea-77_290011,2007,22.2861222222222
1,Holothuroidea-77_290012,2007,1.1127525
1,Rajiformes-77_300014,2007,12.3246427805556
1,Clupeiformes-77_300028,2007,0.251075515247312
1,Gadiformes-77_300044,2007,0.850145878972222
1,Perciformes-77_300060,2007,1.89371219444444
1,Pleuronectiformes-77_300061,2007,21.7155027777778
1,Teuthida-77_390002,2007,168.55439147575
1,Octopoda-77_390007,2007,0.119479722222222
1,Carcharhinidae-77_400011,2007,2.15752536761111
1,Sphyrnidae-77_400012,2007,2.02727272727273e-4
1,Clupeidae-77_400043,2007,0.0552521875721562
1,Ariidae-77_400145,2007,0.128990277777778
1,Macrouridae-77_400185,2007,0.549951111111111
1,Exocoetidae-77_400206,2007,2.00499419354839e-4
1,Atherinidae-77_400218,2007,0.121211370967742
1,Berycidae-77_400240,2007,12.3582605611111
1,Holocentridae-77_400243,2007,0.221747004608295
1,Scorpaenidae-77_400264,2007,42.1411912903226
1,Serranidae-77_400289,2007,0.0624480555555556
1,Carangidae-77_400314,2007,1.5875e-5
1,Lutjanidae-77_400323,2007,15.0162297222222
1,Gerreidae-77_400326,2007,3.57943376344086
1,Haemulidae-77_400327,2007,0.229493611111111
1,Lethrinidae-77_400328,2007,0.787552142857143
1,Sparidae-77_400330,2007,2.872063125
1,Sciaenidae-77_400331,2007,0.628899166666667
1,Mullidae-77_400332,2007,0.111423041474654
1,Mugilidae-77_400359,2007,29.0462188888889
1,Scaridae-77_400364,2007,0.642493571428571
1,Acanthuridae-77_400412,2007,0.197956866359447
1,Trichiuridae-77_400415,2007,1.89440588684375
1,Scombridae-77_400416,2007,4.92053272727273e-4
1,Istiophoridae-77_400419,2007,10.8836657777778
1,Stromateidae-77_400425,2007,0.977751182795699
1,Bothidae-77_400439,2007,2.54002993548387e-5
1,Balistidae-77_400445,2007,0.505482777777778
1,Lithodidae-77_490036,2007,0.021171875
1,Crangonidae-77_490044,2007,0.444934210526316
1,Mytilidae-77_490054,2007,2.14918888888889
1,Veneridae-77_490060,2007,1.37312694444444
1,Brachyura-77_490097,2007,5.17197666666667
1,Mustelus-77_500348,2007,1.2068e-4
1,Lutjanus-77_500357,2007,2.58229722222222
1,Epinephelus-77_500366,2007,3.16750083333333
1,Sphyraena-77_500372,2007,1.31513443875
1,Caranx-77_500467,2007,5.84748972222222
1,Kyphosus-77_500477,2007,0.229523571428571
1,Centropomus-77_500504,2007,0.154346944444444
1,Trachinotus-77_500598,2007,0.115004722222222
1,Isurus-77_500638,2007,1.43335642857143
1,Alopias-77_500639,2007,0.603044285714286
1,Sphyrna-77_500693,2007,0.0724714285714286
1,Micropogonias-77_501327,2007,0.767402777777778
1,Thunnus-77_501905,2007,0.00137543995238095
1,Decapterus-77_502102,2007,0.668432350230415
1,Cynoscion-77_502794,2007,2.3e-4
1,Crassostrea-77_590014,2007,2.20174583333333
1,Haliotis-77_590046,2007,3.54463666666667
1,Strombus-77_590051,2007,1.30447611111111
1,Panulirus-77_590083,2007,8.797995
1,Penaeus-77_590096,2007,8.10371388888889
1,Coryphaena_hippurus-77_600006,2007,8.67613183666667
1,Istiophorus_platypterus-77_600077,2007,1.95381327616667
1,Aprion_virescens-77_600084,2007,1.62445
1,Acanthocybium_solandri-77_600089,2007,1.81051981566667
1,Euthynnus_lineatus-77_600098,2007,0.752160083861111
1,Katsuwonus_pelamis-77_600107,2007,1198.04997222222
1,Scomber_japonicus-77_600117,2007,228.262093861111
1,Squalus_acanthias-77_600139,2007,42.0840123529412
1,Thunnus_alalunga-77_600142,2007,134.478301944444
1,Thunnus_albacares-77_600143,2007,473.610460833333
1,Thunnus_obesus-77_600146,2007,139.891123333333
1,Makaira_indica-77_600217,2007,0.249837795111111
1,Makaira_mazara-77_600218,2007,5.27558670066667
1,Tetrapturus_audax-77_600223,2007,12.2209567191944
1,Xiphias_gladius-77_600226,2007,38.7741381111111
1,Joturus_pichardi-77_600338,2007,0.090273185416666707
1,Seriola_lalandi-77_600382,2007,0.297914166666667
1,Selar_crumenophthalmus-77_600387,2007,2.33357825806452
1,Elagatis_bipinnulata-77_600412,2007,0.0377121428571429
1,Isurus_oxyrinchus-77_600752,2007,0.919241022222222
1,Mugil_cephalus-77_600785,2007,9.23694944444444
1,Prionace_glauca-77_600898,2007,0.064461968
1,Lepidocybium_flavobrunneum-77_601042,2007,0.740883283333333
1,Ruvettus_pretiosus-77_601044,2007,2.87193214285714
1,Lampris_guttatus-77_601072,2007,12.2233955555556
1,Megalops_atlanticus-77_601079,2007,2.7488e-6
1,Anchoa_hepsetus-77_601133,2007,0.003459375
1,Alopias_superciliosus-77_602534,2007,0.145729444444444
1,Alopias_vulpinus-77_602535,2007,2.87266388888889
1,Tetrapturus_angustirostris-77_603915,2007,0.00450486895
1,Dosidicus_gigas-77_690206,2007,6.41212603938889
1,Crassostrea_gigas-77_690283,2007,34.6829091666667
1,Marine_animals-77_100000,2008,0.986915084388889
1,Scombroids-77_100036,2008,20.8094223227778
1,"Sharks,_rays,_chimaeras-77_100038",2008,23.9846436111111
1,Marine_fishes_not_identified-77_100039,2008,93.7818268583333
1,Miscellaneous_marine_crustaceans-77_100047,2008,0.867906666666667
1,"Clams,_cockles,_arkshells-77_100056",2008,19.6187486111111
1,Miscellaneous_marine_molluscs-77_100058,2008,9.68745694444444
1,Starfish_and_other_echinoderms-77_100176,2008,0.00614694444444444
1,"Shrimps,_prawns-77_100345",2008,26.5701211111111
1,Gastropoda-77_290006,2008,3.36725705882353
1,Asteroidea-77_290010,2008,0.0254647058823529
1,Echinoidea-77_290011,2008,22.2861222222222
1,Holothuroidea-77_290012,2008,1.1127525
1,Rajiformes-77_300014,2008,12.3246427805556
1,Clupeiformes-77_300028,2008,0.251075515247312
1,Gadiformes-77_300044,2008,0.850145878972222
1,Perciformes-77_300060,2008,1.89371219444444
1,Pleuronectiformes-77_300061,2008,21.7155027777778
1,Teuthida-77_390002,2008,168.55439147575
1,Octopoda-77_390007,2008,0.119479722222222
1,Carcharhinidae-77_400011,2008,2.15752536761111
1,Sphyrnidae-77_400012,2008,2.02727272727273e-4
1,Clupeidae-77_400043,2008,0.0552521875721562
1,Ariidae-77_400145,2008,0.128990277777778
1,Macrouridae-77_400185,2008,0.549951111111111
1,Exocoetidae-77_400206,2008,2.00499419354839e-4
1,Atherinidae-77_400218,2008,0.121211370967742
1,Berycidae-77_400240,2008,12.3582605611111
1,Holocentridae-77_400243,2008,0.221747004608295
1,Scorpaenidae-77_400264,2008,42.1411912903226
1,Serranidae-77_400289,2008,0.0624480555555556
1,Carangidae-77_400314,2008,1.5875e-5
1,Lutjanidae-77_400323,2008,15.0162297222222
1,Gerreidae-77_400326,2008,3.57943376344086
1,Haemulidae-77_400327,2008,0.229493611111111
1,Lethrinidae-77_400328,2008,0.787552142857143
1,Sparidae-77_400330,2008,2.872063125
1,Sciaenidae-77_400331,2008,0.628899166666667
1,Mullidae-77_400332,2008,0.111423041474654
1,Mugilidae-77_400359,2008,29.0462188888889
1,Scaridae-77_400364,2008,0.642493571428571
1,Acanthuridae-77_400412,2008,0.197956866359447
1,Trichiuridae-77_400415,2008,1.89440588684375
1,Scombridae-77_400416,2008,4.92053272727273e-4
1,Istiophoridae-77_400419,2008,10.8836657777778
1,Stromateidae-77_400425,2008,0.977751182795699
1,Bothidae-77_400439,2008,2.54002993548387e-5
1,Balistidae-77_400445,2008,0.505482777777778
1,Lithodidae-77_490036,2008,0.021171875
1,Crangonidae-77_490044,2008,0.444934210526316
1,Mytilidae-77_490054,2008,2.14918888888889
1,Veneridae-77_490060,2008,1.37312694444444
1,Brachyura-77_490097,2008,5.17197666666667
1,Mustelus-77_500348,2008,1.2068e-4
1,Lutjanus-77_500357,2008,2.58229722222222
1,Epinephelus-77_500366,2008,3.16750083333333
1,Sphyraena-77_500372,2008,1.31513443875
1,Caranx-77_500467,2008,5.84748972222222
1,Kyphosus-77_500477,2008,0.229523571428571
1,Centropomus-77_500504,2008,0.154346944444444
1,Trachinotus-77_500598,2008,0.115004722222222
1,Isurus-77_500638,2008,1.43335642857143
1,Alopias-77_500639,2008,0.603044285714286
1,Sphyrna-77_500693,2008,0.0724714285714286
1,Micropogonias-77_501327,2008,0.767402777777778
1,Thunnus-77_501905,2008,0.00137543995238095
1,Decapterus-77_502102,2008,0.668432350230415
1,Cynoscion-77_502794,2008,2.3e-4
1,Crassostrea-77_590014,2008,2.20174583333333
1,Haliotis-77_590046,2008,3.54463666666667
1,Strombus-77_590051,2008,1.30447611111111
1,Panulirus-77_590083,2008,8.797995
1,Penaeus-77_590096,2008,8.10371388888889
1,Coryphaena_hippurus-77_600006,2008,8.67613183666667
1,Istiophorus_platypterus-77_600077,2008,1.95381327616667
1,Aprion_virescens-77_600084,2008,1.62445
1,Acanthocybium_solandri-77_600089,2008,1.81051981566667
1,Euthynnus_lineatus-77_600098,2008,0.752160083861111
1,Katsuwonus_pelamis-77_600107,2008,1198.04997222222
1,Scomber_japonicus-77_600117,2008,228.262093861111
1,Squalus_acanthias-77_600139,2008,42.0840123529412
1,Thunnus_alalunga-77_600142,2008,134.478301944444
1,Thunnus_albacares-77_600143,2008,473.610460833333
1,Thunnus_obesus-77_600146,2008,139.891123333333
1,Makaira_indica-77_600217,2008,0.249837795111111
1,Makaira_mazara-77_600218,2008,5.27558670066667
1,Tetrapturus_audax-77_600223,2008,12.2209567191944
1,Xiphias_gladius-77_600226,2008,38.7741381111111
1,Joturus_pichardi-77_600338,2008,0.090273185416666707
1,Seriola_lalandi-77_600382,2008,0.297914166666667
1,Selar_crumenophthalmus-77_600387,2008,2.33357825806452
1,Elagatis_bipinnulata-77_600412,2008,0.0377121428571429
1,Isurus_oxyrinchus-77_600752,2008,0.919241022222222
1,Mugil_cephalus-77_600785,2008,9.23694944444444
1,Prionace_glauca-77_600898,2008,0.064461968
1,Lepidocybium_flavobrunneum-77_601042,2008,0.740883283333333
1,Ruvettus_pretiosus-77_601044,2008,2.87193214285714
1,Lampris_guttatus-77_601072,2008,12.2233955555556
1,Megalops_atlanticus-77_601079,2008,2.7488e-6
1,Anchoa_hepsetus-77_601133,2008,0.003459375
1,Alopias_superciliosus-77_602534,2008,0.145729444444444
1,Alopias_vulpinus-77_602535,2008,2.87266388888889
1,Tetrapturus_angustirostris-77_603915,2008,0.00450486895
1,Dosidicus_gigas-77_690206,2008,6.41212603938889
1,Crassostrea_gigas-77_690283,2008,34.6829091666667
1,Marine_animals-77_100000,2009,0.986915084388889
1,Scombroids-77_100036,2009,20.8094223227778
1,"Sharks,_rays,_chimaeras-77_100038",2009,23.9846436111111
1,Marine_fishes_not_identified-77_100039,2009,93.7818268583333
1,Miscellaneous_marine_crustaceans-77_100047,2009,0.867906666666667
1,"Clams,_cockles,_arkshells-77_100056",2009,19.6187486111111
1,Miscellaneous_marine_molluscs-77_100058,2009,9.68745694444444
1,Starfish_and_other_echinoderms-77_100176,2009,0.00614694444444444
1,"Shrimps,_prawns-77_100345",2009,26.5701211111111
1,Gastropoda-77_290006,2009,3.36725705882353
1,Asteroidea-77_290010,2009,0.0254647058823529
1,Echinoidea-77_290011,2009,22.2861222222222
1,Holothuroidea-77_290012,2009,1.1127525
1,Rajiformes-77_300014,2009,12.3246427805556
1,Clupeiformes-77_300028,2009,0.251075515247312
1,Gadiformes-77_300044,2009,0.850145878972222
1,Perciformes-77_300060,2009,1.89371219444444
1,Pleuronectiformes-77_300061,2009,21.7155027777778
1,Teuthida-77_390002,2009,168.55439147575
1,Octopoda-77_390007,2009,0.119479722222222
1,Carcharhinidae-77_400011,2009,2.15752536761111
1,Sphyrnidae-77_400012,2009,2.02727272727273e-4
1,Clupeidae-77_400043,2009,0.0552521875721562
1,Ariidae-77_400145,2009,0.128990277777778
1,Macrouridae-77_400185,2009,0.549951111111111
1,Exocoetidae-77_400206,2009,2.00499419354839e-4
1,Atherinidae-77_400218,2009,0.121211370967742
1,Berycidae-77_400240,2009,12.3582605611111
1,Holocentridae-77_400243,2009,0.221747004608295
1,Scorpaenidae-77_400264,2009,42.1411912903226
1,Serranidae-77_400289,2009,0.0624480555555556
1,Carangidae-77_400314,2009,1.5875e-5
1,Lutjanidae-77_400323,2009,15.0162297222222
1,Gerreidae-77_400326,2009,3.57943376344086
1,Haemulidae-77_400327,2009,0.229493611111111
1,Lethrinidae-77_400328,2009,0.787552142857143
1,Sparidae-77_400330,2009,2.872063125
1,Sciaenidae-77_400331,2009,0.628899166666667
1,Mullidae-77_400332,2009,0.111423041474654
1,Mugilidae-77_400359,2009,29.0462188888889
1,Scaridae-77_400364,2009,0.642493571428571
1,Acanthuridae-77_400412,2009,0.197956866359447
1,Trichiuridae-77_400415,2009,1.89440588684375
1,Scombridae-77_400416,2009,4.92053272727273e-4
1,Istiophoridae-77_400419,2009,10.8836657777778
1,Stromateidae-77_400425,2009,0.977751182795699
1,Bothidae-77_400439,2009,2.54002993548387e-5
1,Balistidae-77_400445,2009,0.505482777777778
1,Lithodidae-77_490036,2009,0.021171875
1,Crangonidae-77_490044,2009,0.444934210526316
1,Mytilidae-77_490054,2009,2.14918888888889
1,Veneridae-77_490060,2009,1.37312694444444
1,Brachyura-77_490097,2009,5.17197666666667
1,Mustelus-77_500348,2009,1.2068e-4
1,Lutjanus-77_500357,2009,2.58229722222222
1,Epinephelus-77_500366,2009,3.16750083333333
1,Sphyraena-77_500372,2009,1.31513443875
1,Caranx-77_500467,2009,5.84748972222222
1,Kyphosus-77_500477,2009,0.229523571428571
1,Centropomus-77_500504,2009,0.154346944444444
1,Trachinotus-77_500598,2009,0.115004722222222
1,Isurus-77_500638,2009,1.43335642857143
1,Alopias-77_500639,2009,0.603044285714286
1,Sphyrna-77_500693,2009,0.0724714285714286
1,Micropogonias-77_501327,2009,0.767402777777778
1,Thunnus-77_501905,2009,0.00137543995238095
1,Decapterus-77_502102,2009,0.668432350230415
1,Cynoscion-77_502794,2009,2.3e-4
1,Crassostrea-77_590014,2009,2.20174583333333
1,Haliotis-77_590046,2009,3.54463666666667
1,Strombus-77_590051,2009,1.30447611111111
1,Panulirus-77_590083,2009,8.797995
1,Penaeus-77_590096,2009,8.10371388888889
1,Coryphaena_hippurus-77_600006,2009,8.67613183666667
1,Istiophorus_platypterus-77_600077,2009,1.95381327616667
1,Aprion_virescens-77_600084,2009,1.62445
1,Acanthocybium_solandri-77_600089,2009,1.81051981566667
1,Euthynnus_lineatus-77_600098,2009,0.752160083861111
1,Katsuwonus_pelamis-77_600107,2009,1198.04997222222
1,Scomber_japonicus-77_600117,2009,228.262093861111
1,Squalus_acanthias-77_600139,2009,42.0840123529412
1,Thunnus_alalunga-77_600142,2009,134.478301944444
1,Thunnus_albacares-77_600143,2009,473.610460833333
1,Thunnus_obesus-77_600146,2009,139.891123333333
1,Makaira_indica-77_600217,2009,0.249837795111111
1,Makaira_mazara-77_600218,2009,5.27558670066667
1,Tetrapturus_audax-77_600223,2009,12.2209567191944
1,Xiphias_gladius-77_600226,2009,38.7741381111111
1,Joturus_pichardi-77_600338,2009,0.090273185416666707
1,Seriola_lalandi-77_600382,2009,0.297914166666667
1,Selar_crumenophthalmus-77_600387,2009,2.33357825806452
1,Elagatis_bipinnulata-77_600412,2009,0.0377121428571429
1,Isurus_oxyrinchus-77_600752,2009,0.919241022222222
1,Mugil_cephalus-77_600785,2009,9.23694944444444
1,Prionace_glauca-77_600898,2009,0.064461968
1,Lepidocybium_flavobrunneum-77_601042,2009,0.740883283333333
1,Ruvettus_pretiosus-77_601044,2009,2.87193214285714
1,Lampris_guttatus-77_601072,2009,12.2233955555556
1,Megalops_atlanticus-77_601079,2009,2.7488e-6
1,Anchoa_hepsetus-77_601133,2009,0.003459375
1,Alopias_superciliosus-77_602534,2009,0.145729444444444
1,Alopias_vulpinus-77_602535,2009,2.87266388888889
1,Tetrapturus_angustirostris-77_603915,2009,0.00450486895
1,Dosidicus_gigas-77_690206,2009,6.41212603938889
1,Crassostrea_gigas-77_690283,2009,34.6829091666667
1,Marine_animals-77_100000,2010,0.986915084388889
1,Scombroids-77_100036,2010,20.8094223227778
1,"Sharks,_rays,_chimaeras-77_100038",2010,23.9846436111111
1,Marine_fishes_not_identified-77_100039,2010,93.7818268583333
1,Miscellaneous_marine_crustaceans-77_100047,2010,0.867906666666667
1,"Clams,_cockles,_arkshells-77_100056",2010,19.6187486111111
1,Miscellaneous_marine_molluscs-77_100058,2010,9.68745694444444
1,Starfish_and_other_echinoderms-77_100176,2010,0.00614694444444444
1,"Shrimps,_prawns-77_100345",2010,26.5701211111111
1,Gastropoda-77_290006,2010,3.36725705882353
1,Asteroidea-77_290010,2010,0.0254647058823529
1,Echinoidea-77_290011,2010,22.2861222222222
1,Holothuroidea-77_290012,2010,1.1127525
1,Rajiformes-77_300014,2010,12.3246427805556
1,Clupeiformes-77_300028,2010,0.251075515247312
1,Gadiformes-77_300044,2010,0.850145878972222
1,Perciformes-77_300060,2010,1.89371219444444
1,Pleuronectiformes-77_300061,2010,21.7155027777778
1,Teuthida-77_390002,2010,168.55439147575
1,Octopoda-77_390007,2010,0.119479722222222
1,Carcharhinidae-77_400011,2010,2.15752536761111
1,Sphyrnidae-77_400012,2010,2.02727272727273e-4
1,Clupeidae-77_400043,2010,0.0552521875721562
1,Ariidae-77_400145,2010,0.128990277777778
1,Macrouridae-77_400185,2010,0.549951111111111
1,Exocoetidae-77_400206,2010,2.00499419354839e-4
1,Atherinidae-77_400218,2010,0.121211370967742
1,Berycidae-77_400240,2010,12.3582605611111
1,Holocentridae-77_400243,2010,0.221747004608295
1,Scorpaenidae-77_400264,2010,42.1411912903226
1,Serranidae-77_400289,2010,0.0624480555555556
1,Carangidae-77_400314,2010,1.5875e-5
1,Lutjanidae-77_400323,2010,15.0162297222222
1,Gerreidae-77_400326,2010,3.57943376344086
1,Haemulidae-77_400327,2010,0.229493611111111
1,Lethrinidae-77_400328,2010,0.787552142857143
1,Sparidae-77_400330,2010,2.872063125
1,Sciaenidae-77_400331,2010,0.628899166666667
1,Mullidae-77_400332,2010,0.111423041474654
1,Mugilidae-77_400359,2010,29.0462188888889
1,Scaridae-77_400364,2010,0.642493571428571
1,Acanthuridae-77_400412,2010,0.197956866359447
1,Trichiuridae-77_400415,2010,1.89440588684375
1,Scombridae-77_400416,2010,4.92053272727273e-4
1,Istiophoridae-77_400419,2010,10.8836657777778
1,Stromateidae-77_400425,2010,0.977751182795699
1,Bothidae-77_400439,2010,2.54002993548387e-5
1,Balistidae-77_400445,2010,0.505482777777778
1,Lithodidae-77_490036,2010,0.021171875
1,Crangonidae-77_490044,2010,0.444934210526316
1,Mytilidae-77_490054,2010,2.14918888888889
1,Veneridae-77_490060,2010,1.37312694444444
1,Brachyura-77_490097,2010,5.17197666666667
1,Mustelus-77_500348,2010,1.2068e-4
1,Lutjanus-77_500357,2010,2.58229722222222
1,Epinephelus-77_500366,2010,3.16750083333333
1,Sphyraena-77_500372,2010,1.31513443875
1,Caranx-77_500467,2010,5.84748972222222
1,Kyphosus-77_500477,2010,0.229523571428571
1,Centropomus-77_500504,2010,0.154346944444444
1,Trachinotus-77_500598,2010,0.115004722222222
1,Isurus-77_500638,2010,1.43335642857143
1,Alopias-77_500639,2010,0.603044285714286
1,Sphyrna-77_500693,2010,0.0724714285714286
1,Micropogonias-77_501327,2010,0.767402777777778
1,Thunnus-77_501905,2010,0.00137543995238095
1,Decapterus-77_502102,2010,0.668432350230415
1,Cynoscion-77_502794,2010,2.3e-4
1,Crassostrea-77_590014,2010,2.20174583333333
1,Haliotis-77_590046,2010,3.54463666666667
1,Strombus-77_590051,2010,1.30447611111111
1,Panulirus-77_590083,2010,8.797995
1,Penaeus-77_590096,2010,8.10371388888889
1,Coryphaena_hippurus-77_600006,2010,8.67613183666667
1,Istiophorus_platypterus-77_600077,2010,1.95381327616667
1,Aprion_virescens-77_600084,2010,1.62445
1,Acanthocybium_solandri-77_600089,2010,1.81051981566667
1,Euthynnus_lineatus-77_600098,2010,0.752160083861111
1,Katsuwonus_pelamis-77_600107,2010,1198.04997222222
1,Scomber_japonicus-77_600117,2010,228.262093861111
1,Squalus_acanthias-77_600139,2010,42.0840123529412
1,Thunnus_alalunga-77_600142,2010,134.478301944444
1,Thunnus_albacares-77_600143,2010,473.610460833333
1,Thunnus_obesus-77_600146,2010,139.891123333333
1,Makaira_indica-77_600217,2010,0.249837795111111
1,Makaira_mazara-77_600218,2010,5.27558670066667
1,Tetrapturus_audax-77_600223,2010,12.2209567191944
1,Xiphias_gladius-77_600226,2010,38.7741381111111
1,Joturus_pichardi-77_600338,2010,0.090273185416666707
1,Seriola_lalandi-77_600382,2010,0.297914166666667
1,Selar_crumenophthalmus-77_600387,2010,2.33357825806452
1,Elagatis_bipinnulata-77_600412,2010,0.0377121428571429
1,Isurus_oxyrinchus-77_600752,2010,0.919241022222222
1,Mugil_cephalus-77_600785,2010,9.23694944444444
1,Prionace_glauca-77_600898,2010,0.064461968
1,Lepidocybium_flavobrunneum-77_601042,2010,0.740883283333333
1,Ruvettus_pretiosus-77_601044,2010,2.87193214285714
1,Lampris_guttatus-77_601072,2010,12.2233955555556
1,Megalops_atlanticus-77_601079,2010,2.7488e-6
1,Anchoa_hepsetus-77_601133,2010,0.003459375
1,Clupea_pallasii_pallasii-77_601520,2010,0.0374331741935484
1,Alopias_superciliosus-77_602534,2010,0.145729444444444
1,Alopias_vulpinus-77_602535,2010,2.87266388888889
1,Tetrapturus_angustirostris-77_603915,2010,0.00450486895
1,Dosidicus_gigas-77_690206,2010,6.41212603938889
1,Crassostrea_gigas-77_690283,2010,34.6829091666667
1,Marine_animals-77_100000,2011,0.986915084388889
1,Scombroids-77_100036,2011,20.8094223227778
1,"Sharks,_rays,_chimaeras-77_100038",2011,23.9846436111111
1,Marine_fishes_not_identified-77_100039,2011,93.7818268583333
1,Miscellaneous_marine_crustaceans-77_100047,2011,0.867906666666667
1,"Clams,_cockles,_arkshells-77_100056",2011,19.6187486111111
1,Miscellaneous_marine_molluscs-77_100058,2011,9.68745694444444
1,Starfish_and_other_echinoderms-77_100176,2011,0.00614694444444444
1,"Shrimps,_prawns-77_100345",2011,26.5701211111111
1,Gastropoda-77_290006,2011,3.36725705882353
1,Asteroidea-77_290010,2011,0.0254647058823529
1,Echinoidea-77_290011,2011,22.2861222222222
1,Holothuroidea-77_290012,2011,1.1127525
1,Rajiformes-77_300014,2011,12.3246427805556
1,Clupeiformes-77_300028,2011,0.251075515247312
1,Gadiformes-77_300044,2011,0.850145878972222
1,Perciformes-77_300060,2011,1.89371219444444
1,Pleuronectiformes-77_300061,2011,21.7155027777778
1,Teuthida-77_390002,2011,168.55439147575
1,Octopoda-77_390007,2011,0.119479722222222
1,Carcharhinidae-77_400011,2011,2.15752536761111
1,Sphyrnidae-77_400012,2011,2.02727272727273e-4
1,Clupeidae-77_400043,2011,0.0552521875721562
1,Ariidae-77_400145,2011,0.128990277777778
1,Macrouridae-77_400185,2011,0.549951111111111
1,Exocoetidae-77_400206,2011,2.00499419354839e-4
1,Atherinidae-77_400218,2011,0.121211370967742
1,Berycidae-77_400240,2011,12.3582605611111
1,Holocentridae-77_400243,2011,0.221747004608295
1,Scorpaenidae-77_400264,2011,42.1411912903226
1,Serranidae-77_400289,2011,0.0624480555555556
1,Carangidae-77_400314,2011,1.5875e-5
1,Lutjanidae-77_400323,2011,15.0162297222222
1,Gerreidae-77_400326,2011,3.57943376344086
1,Haemulidae-77_400327,2011,0.229493611111111
1,Lethrinidae-77_400328,2011,0.787552142857143
1,Sparidae-77_400330,2011,2.872063125
1,Sciaenidae-77_400331,2011,0.628899166666667
1,Mullidae-77_400332,2011,0.111423041474654
1,Mugilidae-77_400359,2011,29.0462188888889
1,Scaridae-77_400364,2011,0.642493571428571
1,Acanthuridae-77_400412,2011,0.197956866359447
1,Trichiuridae-77_400415,2011,1.89440588684375
1,Scombridae-77_400416,2011,4.92053272727273e-4
1,Istiophoridae-77_400419,2011,10.8836657777778
1,Stromateidae-77_400425,2011,0.977751182795699
1,Bothidae-77_400439,2011,2.54002993548387e-5
1,Balistidae-77_400445,2011,0.505482777777778
1,Lithodidae-77_490036,2011,0.021171875
1,Crangonidae-77_490044,2011,0.444934210526316
1,Mytilidae-77_490054,2011,2.14918888888889
1,Veneridae-77_490060,2011,1.37312694444444
1,Brachyura-77_490097,2011,5.17197666666667
1,Mustelus-77_500348,2011,1.2068e-4
1,Lutjanus-77_500357,2011,2.58229722222222
1,Epinephelus-77_500366,2011,3.16750083333333
1,Sphyraena-77_500372,2011,1.31513443875
1,Caranx-77_500467,2011,5.84748972222222
1,Kyphosus-77_500477,2011,0.229523571428571
1,Centropomus-77_500504,2011,0.154346944444444
1,Trachinotus-77_500598,2011,0.115004722222222
1,Isurus-77_500638,2011,1.43335642857143
1,Alopias-77_500639,2011,0.603044285714286
1,Sphyrna-77_500693,2011,0.0724714285714286
1,Micropogonias-77_501327,2011,0.767402777777778
1,Thunnus-77_501905,2011,0.00137543995238095
1,Decapterus-77_502102,2011,0.668432350230415
1,Cynoscion-77_502794,2011,2.3e-4
1,Crassostrea-77_590014,2011,2.20174583333333
1,Haliotis-77_590046,2011,3.54463666666667
1,Strombus-77_590051,2011,1.30447611111111
1,Panulirus-77_590083,2011,8.797995
1,Penaeus-77_590096,2011,8.10371388888889
1,Coryphaena_hippurus-77_600006,2011,8.67613183666667
1,Istiophorus_platypterus-77_600077,2011,1.95381327616667
1,Aprion_virescens-77_600084,2011,1.62445
1,Acanthocybium_solandri-77_600089,2011,1.81051981566667
1,Euthynnus_lineatus-77_600098,2011,0.752160083861111
1,Katsuwonus_pelamis-77_600107,2011,1198.04997222222
1,Scomber_japonicus-77_600117,2011,228.262093861111
1,Squalus_acanthias-77_600139,2011,42.0840123529412
1,Thunnus_alalunga-77_600142,2011,134.478301944444
1,Thunnus_albacares-77_600143,2011,473.610460833333
1,Thunnus_obesus-77_600146,2011,139.891123333333
1,Makaira_indica-77_600217,2011,0.249837795111111
1,Makaira_mazara-77_600218,2011,5.27558670066667
1,Tetrapturus_audax-77_600223,2011,12.2209567191944
1,Xiphias_gladius-77_600226,2011,38.7741381111111
1,Joturus_pichardi-77_600338,2011,0.090273185416666707
1,Seriola_lalandi-77_600382,2011,0.297914166666667
1,Selar_crumenophthalmus-77_600387,2011,2.33357825806452
1,Elagatis_bipinnulata-77_600412,2011,0.0377121428571429
1,Isurus_oxyrinchus-77_600752,2011,0.919241022222222
1,Mugil_cephalus-77_600785,2011,9.23694944444444
1,Prionace_glauca-77_600898,2011,0.064461968
1,Lepidocybium_flavobrunneum-77_601042,2011,0.740883283333333
1,Ruvettus_pretiosus-77_601044,2011,2.87193214285714
1,Lampris_guttatus-77_601072,2011,12.2233955555556
1,Megalops_atlanticus-77_601079,2011,2.7488e-6
1,Anchoa_hepsetus-77_601133,2011,0.003459375
1,Clupea_pallasii_pallasii-77_601520,2011,0.0374331741935484
1,Alopias_superciliosus-77_602534,2011,0.145729444444444
1,Alopias_vulpinus-77_602535,2011,2.87266388888889
1,Tetrapturus_angustirostris-77_603915,2011,0.00450486895
1,Dosidicus_gigas-77_690206,2011,6.41212603938889
1,Crassostrea_gigas-77_690283,2011,34.6829091666667
1,Marine_animals-77_100000,2012,0.986915084388889
1,Scombroids-77_100036,2012,20.8094223227778
1,"Sharks,_rays,_chimaeras-77_100038",2012,23.9846436111111
1,Marine_fishes_not_identified-77_100039,2012,93.7818268583333
1,Miscellaneous_marine_crustaceans-77_100047,2012,0.867906666666667
1,"Clams,_cockles,_arkshells-77_100056",2012,19.6187486111111
1,Miscellaneous_marine_molluscs-77_100058,2012,9.68745694444444
1,Starfish_and_other_echinoderms-77_100176,2012,0.00614694444444444
1,"Shrimps,_prawns-77_100345",2012,26.5701211111111
1,Gastropoda-77_290006,2012,3.36725705882353
1,Asteroidea-77_290010,2012,0.0254647058823529
1,Echinoidea-77_290011,2012,22.2861222222222
1,Holothuroidea-77_290012,2012,1.1127525
1,Rajiformes-77_300014,2012,12.3246427805556
1,Clupeiformes-77_300028,2012,0.251075515247312
1,Gadiformes-77_300044,2012,0.850145878972222
1,Perciformes-77_300060,2012,1.89371219444444
1,Pleuronectiformes-77_300061,2012,21.7155027777778
1,Teuthida-77_390002,2012,168.55439147575
1,Octopoda-77_390007,2012,0.119479722222222
1,Carcharhinidae-77_400011,2012,2.15752536761111
1,Sphyrnidae-77_400012,2012,2.02727272727273e-4
1,Clupeidae-77_400043,2012,0.0552521875721562
1,Ariidae-77_400145,2012,0.128990277777778
1,Macrouridae-77_400185,2012,0.549951111111111
1,Exocoetidae-77_400206,2012,2.00499419354839e-4
1,Atherinidae-77_400218,2012,0.121211370967742
1,Berycidae-77_400240,2012,12.3582605611111
1,Holocentridae-77_400243,2012,0.221747004608295
1,Scorpaenidae-77_400264,2012,42.1411912903226
1,Serranidae-77_400289,2012,0.0624480555555556
1,Carangidae-77_400314,2012,1.5875e-5
1,Lutjanidae-77_400323,2012,15.0162297222222
1,Gerreidae-77_400326,2012,3.57943376344086
1,Haemulidae-77_400327,2012,0.229493611111111
1,Lethrinidae-77_400328,2012,0.787552142857143
1,Sparidae-77_400330,2012,2.872063125
1,Sciaenidae-77_400331,2012,0.628899166666667
1,Mullidae-77_400332,2012,0.111423041474654
1,Mugilidae-77_400359,2012,29.0462188888889
1,Scaridae-77_400364,2012,0.642493571428571
1,Acanthuridae-77_400412,2012,0.197956866359447
1,Trichiuridae-77_400415,2012,1.89440588684375
1,Scombridae-77_400416,2012,4.92053272727273e-4
1,Istiophoridae-77_400419,2012,10.8836657777778
1,Stromateidae-77_400425,2012,0.977751182795699
1,Bothidae-77_400439,2012,2.54002993548387e-5
1,Balistidae-77_400445,2012,0.505482777777778
1,Lithodidae-77_490036,2012,0.021171875
1,Crangonidae-77_490044,2012,0.444934210526316
1,Mytilidae-77_490054,2012,2.14918888888889
1,Veneridae-77_490060,2012,1.37312694444444
1,Brachyura-77_490097,2012,5.17197666666667
1,Mustelus-77_500348,2012,1.2068e-4
1,Lutjanus-77_500357,2012,2.58229722222222
1,Epinephelus-77_500366,2012,3.16750083333333
1,Sphyraena-77_500372,2012,1.31513443875
1,Caranx-77_500467,2012,5.84748972222222
1,Kyphosus-77_500477,2012,0.229523571428571
1,Centropomus-77_500504,2012,0.154346944444444
1,Trachinotus-77_500598,2012,0.115004722222222
1,Isurus-77_500638,2012,1.43335642857143
1,Alopias-77_500639,2012,0.603044285714286
1,Sphyrna-77_500693,2012,0.0724714285714286
1,Micropogonias-77_501327,2012,0.767402777777778
1,Thunnus-77_501905,2012,0.00137543995238095
1,Decapterus-77_502102,2012,0.668432350230415
1,Cynoscion-77_502794,2012,2.3e-4
1,Crassostrea-77_590014,2012,2.20174583333333
1,Haliotis-77_590046,2012,3.54463666666667
1,Strombus-77_590051,2012,1.30447611111111
1,Panulirus-77_590083,2012,8.797995
1,Penaeus-77_590096,2012,8.10371388888889
1,Coryphaena_hippurus-77_600006,2012,8.67613183666667
1,Istiophorus_platypterus-77_600077,2012,1.95381327616667
1,Aprion_virescens-77_600084,2012,1.62445
1,Acanthocybium_solandri-77_600089,2012,1.81051981566667
1,Euthynnus_lineatus-77_600098,2012,0.752160083861111
1,Katsuwonus_pelamis-77_600107,2012,1198.04997222222
1,Scomber_japonicus-77_600117,2012,228.262093861111
1,Squalus_acanthias-77_600139,2012,42.0840123529412
1,Thunnus_alalunga-77_600142,2012,134.478301944444
1,Thunnus_albacares-77_600143,2012,473.610460833333
1,Thunnus_obesus-77_600146,2012,139.891123333333
1,Makaira_indica-77_600217,2012,0.249837795111111
1,Makaira_mazara-77_600218,2012,5.27558670066667
1,Tetrapturus_audax-77_600223,2012,12.2209567191944
1,Xiphias_gladius-77_600226,2012,38.7741381111111
1,Joturus_pichardi-77_600338,2012,0.090273185416666707
1,Seriola_lalandi-77_600382,2012,0.297914166666667
1,Selar_crumenophthalmus-77_600387,2012,2.33357825806452
1,Elagatis_bipinnulata-77_600412,2012,0.0377121428571429
1,Isurus_oxyrinchus-77_600752,2012,0.919241022222222
1,Mugil_cephalus-77_600785,2012,9.23694944444444
1,Prionace_glauca-77_600898,2012,0.064461968
1,Lepidocybium_flavobrunneum-77_601042,2012,0.740883283333333
1,Ruvettus_pretiosus-77_601044,2012,2.87193214285714
1,Lampris_guttatus-77_601072,2012,12.2233955555556
1,Megalops_atlanticus-77_601079,2012,2.7488e-6
1,Anchoa_hepsetus-77_601133,2012,0.003459375
1,Clupea_pallasii_pallasii-77_601520,2012,0.0374331741935484
1,Alopias_superciliosus-77_602534,2012,0.145729444444444
1,Alopias_vulpinus-77_602535,2012,2.87266388888889
1,Tetrapturus_angustirostris-77_603915,2012,0.00450486895
1,Dosidicus_gigas-77_690206,2012,6.41212603938889
1,Crassostrea_gigas-77_690283,2012,34.6829091666667
1,Marine_animals-77_100000,2013,0.986915084388889
1,Scombroids-77_100036,2013,20.8094223227778
1,"Sharks,_rays,_chimaeras-77_100038",2013,23.9846436111111
1,Marine_fishes_not_identified-77_100039,2013,93.7818268583333
1,Miscellaneous_marine_crustaceans-77_100047,2013,0.867906666666667
1,"Clams,_cockles,_arkshells-77_100056",2013,19.6187486111111
1,Miscellaneous_marine_molluscs-77_100058,2013,9.68745694444444
1,Starfish_and_other_echinoderms-77_100176,2013,0.00614694444444444
1,"Shrimps,_prawns-77_100345",2013,26.5701211111111
1,Gastropoda-77_290006,2013,3.36725705882353
1,Asteroidea-77_290010,2013,0.0254647058823529
1,Echinoidea-77_290011,2013,22.2861222222222
1,Holothuroidea-77_290012,2013,1.1127525
1,Rajiformes-77_300014,2013,12.3246427805556
1,Clupeiformes-77_300028,2013,0.251075515247312
1,Gadiformes-77_300044,2013,0.850145878972222
1,Perciformes-77_300060,2013,1.89371219444444
1,Pleuronectiformes-77_300061,2013,21.7155027777778
1,Teuthida-77_390002,2013,168.55439147575
1,Octopoda-77_390007,2013,0.119479722222222
1,Carcharhinidae-77_400011,2013,2.15752536761111
1,Sphyrnidae-77_400012,2013,2.02727272727273e-4
1,Clupeidae-77_400043,2013,0.0552521875721562
1,Ariidae-77_400145,2013,0.128990277777778
1,Macrouridae-77_400185,2013,0.549951111111111
1,Exocoetidae-77_400206,2013,2.00499419354839e-4
1,Atherinidae-77_400218,2013,0.121211370967742
1,Berycidae-77_400240,2013,12.3582605611111
1,Holocentridae-77_400243,2013,0.221747004608295
1,Scorpaenidae-77_400264,2013,42.1411912903226
1,Serranidae-77_400289,2013,0.0624480555555556
1,Carangidae-77_400314,2013,1.5875e-5
1,Lutjanidae-77_400323,2013,15.0162297222222
1,Gerreidae-77_400326,2013,3.57943376344086
1,Haemulidae-77_400327,2013,0.229493611111111
1,Lethrinidae-77_400328,2013,0.787552142857143
1,Sparidae-77_400330,2013,2.872063125
1,Sciaenidae-77_400331,2013,0.628899166666667
1,Mullidae-77_400332,2013,0.111423041474654
1,Mugilidae-77_400359,2013,29.0462188888889
1,Scaridae-77_400364,2013,0.642493571428571
1,Acanthuridae-77_400412,2013,0.197956866359447
1,Trichiuridae-77_400415,2013,1.89440588684375
1,Scombridae-77_400416,2013,4.92053272727273e-4
1,Istiophoridae-77_400419,2013,10.8836657777778
1,Stromateidae-77_400425,2013,0.977751182795699
1,Bothidae-77_400439,2013,2.54002993548387e-5
1,Balistidae-77_400445,2013,0.505482777777778
1,Lithodidae-77_490036,2013,0.021171875
1,Crangonidae-77_490044,2013,0.444934210526316
1,Mytilidae-77_490054,2013,2.14918888888889
1,Veneridae-77_490060,2013,1.37312694444444
1,Brachyura-77_490097,2013,5.17197666666667
1,Mustelus-77_500348,2013,1.2068e-4
1,Lutjanus-77_500357,2013,2.58229722222222
1,Epinephelus-77_500366,2013,3.16750083333333
1,Sphyraena-77_500372,2013,1.31513443875
1,Caranx-77_500467,2013,5.84748972222222
1,Kyphosus-77_500477,2013,0.229523571428571
1,Centropomus-77_500504,2013,0.154346944444444
1,Trachinotus-77_500598,2013,0.115004722222222
1,Isurus-77_500638,2013,1.43335642857143
1,Alopias-77_500639,2013,0.603044285714286
1,Sphyrna-77_500693,2013,0.0724714285714286
1,Micropogonias-77_501327,2013,0.767402777777778
1,Thunnus-77_501905,2013,0.00137543995238095
1,Decapterus-77_502102,2013,0.668432350230415
1,Cynoscion-77_502794,2013,2.3e-4
1,Crassostrea-77_590014,2013,2.20174583333333
1,Haliotis-77_590046,2013,3.54463666666667
1,Strombus-77_590051,2013,1.30447611111111
1,Panulirus-77_590083,2013,8.797995
1,Penaeus-77_590096,2013,8.10371388888889
1,Coryphaena_hippurus-77_600006,2013,8.67613183666667
1,Istiophorus_platypterus-77_600077,2013,1.95381327616667
1,Aprion_virescens-77_600084,2013,1.62445
1,Acanthocybium_solandri-77_600089,2013,1.81051981566667
1,Euthynnus_lineatus-77_600098,2013,0.752160083861111
1,Katsuwonus_pelamis-77_600107,2013,1198.04997222222
1,Scomber_japonicus-77_600117,2013,228.262093861111
1,Squalus_acanthias-77_600139,2013,42.0840123529412
1,Thunnus_alalunga-77_600142,2013,134.478301944444
1,Thunnus_albacares-77_600143,2013,473.610460833333
1,Thunnus_obesus-77_600146,2013,139.891123333333
1,Makaira_indica-77_600217,2013,0.249837795111111
1,Makaira_mazara-77_600218,2013,5.27558670066667
1,Tetrapturus_audax-77_600223,2013,12.2209567191944
1,Xiphias_gladius-77_600226,2013,38.7741381111111
1,Joturus_pichardi-77_600338,2013,0.090273185416666707
1,Seriola_lalandi-77_600382,2013,0.297914166666667
1,Selar_crumenophthalmus-77_600387,2013,2.33357825806452
1,Elagatis_bipinnulata-77_600412,2013,0.0377121428571429
1,Isurus_oxyrinchus-77_600752,2013,0.919241022222222
1,Mugil_cephalus-77_600785,2013,9.23694944444444
1,Prionace_glauca-77_600898,2013,0.064461968
1,Lepidocybium_flavobrunneum-77_601042,2013,0.740883283333333
1,Ruvettus_pretiosus-77_601044,2013,2.87193214285714
1,Lampris_guttatus-77_601072,2013,12.2233955555556
1,Megalops_atlanticus-77_601079,2013,2.7488e-6
1,Anchoa_hepsetus-77_601133,2013,0.003459375
1,Clupea_pallasii_pallasii-77_601520,2013,0.0374331741935484
1,Alopias_superciliosus-77_602534,2013,0.145729444444444
1,Alopias_vulpinus-77_602535,2013,2.87266388888889
1,Tetrapturus_angustirostris-77_603915,2013,0.00450486895
1,Dosidicus_gigas-77_690206,2013,6.41212603938889
1,Crassostrea_gigas-77_690283,2013,34.6829091666667
1,Marine_animals-77_100000,2014,0.986915084388889
1,Scombroids-77_100036,2014,20.8094223227778
1,"Sharks,_rays,_chimaeras-77_100038",2014,23.9846436111111
1,Marine_fishes_not_identified-77_100039,2014,93.7818268583333
1,Miscellaneous_marine_crustaceans-77_100047,2014,0.867906666666667
1,"Clams,_cockles,_arkshells-77_100056",2014,19.6187486111111
1,Miscellaneous_marine_molluscs-77_100058,2014,9.68745694444444
1,Starfish_and_other_echinoderms-77_100176,2014,0.00614694444444444
1,"Shrimps,_prawns-77_100345",2014,26.5701211111111
1,Gastropoda-77_290006,2014,3.36725705882353
1,Asteroidea-77_290010,2014,0.0254647058823529
1,Echinoidea-77_290011,2014,22.2861222222222
1,Holothuroidea-77_290012,2014,1.1127525
1,Rajiformes-77_300014,2014,12.3246427805556
1,Clupeiformes-77_300028,2014,0.251075515247312
1,Gadiformes-77_300044,2014,0.850145878972222
1,Perciformes-77_300060,2014,1.89371219444444
1,Pleuronectiformes-77_300061,2014,21.7155027777778
1,Teuthida-77_390002,2014,168.55439147575
1,Octopoda-77_390007,2014,0.119479722222222
1,Carcharhinidae-77_400011,2014,2.15752536761111
1,Sphyrnidae-77_400012,2014,2.02727272727273e-4
1,Clupeidae-77_400043,2014,0.0552521875721562
1,Ariidae-77_400145,2014,0.128990277777778
1,Macrouridae-77_400185,2014,0.549951111111111
1,Exocoetidae-77_400206,2014,2.00499419354839e-4
1,Atherinidae-77_400218,2014,0.121211370967742
1,Berycidae-77_400240,2014,12.3582605611111
1,Holocentridae-77_400243,2014,0.221747004608295
1,Scorpaenidae-77_400264,2014,42.1411912903226
1,Serranidae-77_400289,2014,0.0624480555555556
1,Carangidae-77_400314,2014,1.5875e-5
1,Lutjanidae-77_400323,2014,15.0162297222222
1,Gerreidae-77_400326,2014,3.57943376344086
1,Haemulidae-77_400327,2014,0.229493611111111
1,Lethrinidae-77_400328,2014,0.787552142857143
1,Sparidae-77_400330,2014,2.872063125
1,Sciaenidae-77_400331,2014,0.628899166666667
1,Mullidae-77_400332,2014,0.111423041474654
1,Mugilidae-77_400359,2014,29.0462188888889
1,Scaridae-77_400364,2014,0.642493571428571
1,Acanthuridae-77_400412,2014,0.197956866359447
1,Trichiuridae-77_400415,2014,1.89440588684375
1,Scombridae-77_400416,2014,4.92053272727273e-4
1,Istiophoridae-77_400419,2014,10.8836657777778
1,Stromateidae-77_400425,2014,0.977751182795699
1,Bothidae-77_400439,2014,2.54002993548387e-5
1,Balistidae-77_400445,2014,0.505482777777778
1,Lithodidae-77_490036,2014,0.021171875
1,Crangonidae-77_490044,2014,0.444934210526316
1,Mytilidae-77_490054,2014,2.14918888888889
1,Veneridae-77_490060,2014,1.37312694444444
1,Brachyura-77_490097,2014,5.17197666666667
1,Mustelus-77_500348,2014,1.2068e-4
1,Lutjanus-77_500357,2014,2.58229722222222
1,Epinephelus-77_500366,2014,3.16750083333333
1,Sphyraena-77_500372,2014,1.31513443875
1,Caranx-77_500467,2014,5.84748972222222
1,Kyphosus-77_500477,2014,0.229523571428571
1,Centropomus-77_500504,2014,0.154346944444444
1,Trachinotus-77_500598,2014,0.115004722222222
1,Isurus-77_500638,2014,1.43335642857143
1,Alopias-77_500639,2014,0.603044285714286
1,Sphyrna-77_500693,2014,0.0724714285714286
1,Micropogonias-77_501327,2014,0.767402777777778
1,Thunnus-77_501905,2014,0.00137543995238095
1,Decapterus-77_502102,2014,0.668432350230415
1,Cynoscion-77_502794,2014,2.3e-4
1,Crassostrea-77_590014,2014,2.20174583333333
1,Haliotis-77_590046,2014,3.54463666666667
1,Strombus-77_590051,2014,1.30447611111111
1,Panulirus-77_590083,2014,8.797995
1,Penaeus-77_590096,2014,8.10371388888889
1,Coryphaena_hippurus-77_600006,2014,8.67613183666667
1,Istiophorus_platypterus-77_600077,2014,1.95381327616667
1,Aprion_virescens-77_600084,2014,1.62445
1,Acanthocybium_solandri-77_600089,2014,1.81051981566667
1,Euthynnus_lineatus-77_600098,2014,0.752160083861111
1,Katsuwonus_pelamis-77_600107,2014,1198.04997222222
1,Scomber_japonicus-77_600117,2014,228.262093861111
1,Squalus_acanthias-77_600139,2014,42.0840123529412
1,Thunnus_alalunga-77_600142,2014,134.478301944444
1,Thunnus_albacares-77_600143,2014,473.610460833333
1,Thunnus_obesus-77_600146,2014,139.891123333333
1,Makaira_indica-77_600217,2014,0.249837795111111
1,Makaira_mazara-77_600218,2014,5.27558670066667
1,Tetrapturus_audax-77_600223,2014,12.2209567191944
1,Xiphias_gladius-77_600226,2014,38.7741381111111
1,Joturus_pichardi-77_600338,2014,0.090273185416666707
1,Seriola_lalandi-77_600382,2014,0.297914166666667
1,Selar_crumenophthalmus-77_600387,2014,2.33357825806452
1,Elagatis_bipinnulata-77_600412,2014,0.0377121428571429
1,Isurus_oxyrinchus-77_600752,2014,0.919241022222222
1,Mugil_cephalus-77_600785,2014,9.23694944444444
1,Prionace_glauca-77_600898,2014,0.064461968
1,Lepidocybium_flavobrunneum-77_601042,2014,0.740883283333333
1,Ruvettus_pretiosus-77_601044,2014,2.87193214285714
1,Lampris_guttatus-77_601072,2014,12.2233955555556
1,Megalops_atlanticus-77_601079,2014,2.7488e-6
1,Anchoa_hepsetus-77_601133,2014,0.003459375
1,Clupea_pallasii_pallasii-77_601520,2014,0.0374331741935484
1,Alopias_superciliosus-77_602534,2014,0.145729444444444
1,Alopias_vulpinus-77_602535,2014,2.87266388888889
1,Tetrapturus_angustirostris-77_603915,2014,0.00450486895
1,Dosidicus_gigas-77_690206,2014,6.41212603938889
1,Crassostrea_gigas-77_690283,2014,34.6829091666667
1,Marine_animals-77_100000,2015,0.986915084388889
1,Scombroids-77_100036,2015,20.8094223227778
1,"Sharks,_rays,_chimaeras-77_100038",2015,23.9846436111111
1,Marine_fishes_not_identified-77_100039,2015,93.7818268583333
1,Miscellaneous_marine_crustaceans-77_100047,2015,0.867906666666667
1,"Clams,_cockles,_arkshells-77_100056",2015,19.6187486111111
1,Miscellaneous_marine_molluscs-77_100058,2015,9.68745694444444
1,Starfish_and_other_echinoderms-77_100176,2015,0.00614694444444444
1,"Shrimps,_prawns-77_100345",2015,26.5701211111111
1,Gastropoda-77_290006,2015,3.36725705882353
1,Asteroidea-77_290010,2015,0.0254647058823529
1,Echinoidea-77_290011,2015,22.2861222222222
1,Holothuroidea-77_290012,2015,1.1127525
1,Rajiformes-77_300014,2015,12.3246427805556
1,Clupeiformes-77_300028,2015,0.251075515247312
1,Gadiformes-77_300044,2015,0.850145878972222
1,Perciformes-77_300060,2015,1.89371219444444
1,Pleuronectiformes-77_300061,2015,21.7155027777778
1,Teuthida-77_390002,2015,168.55439147575
1,Octopoda-77_390007,2015,0.119479722222222
1,Carcharhinidae-77_400011,2015,2.15752536761111
1,Sphyrnidae-77_400012,2015,2.02727272727273e-4
1,Squatinidae-77_400015,2015,0.21196
1,Rajidae-77_400019,2015,0.9032
1,Clupeidae-77_400043,2015,0.0552521875721562
1,Ariidae-77_400145,2015,0.128990277777778
1,Macrouridae-77_400185,2015,0.549951111111111
1,Exocoetidae-77_400206,2015,2.00499419354839e-4
1,Atherinidae-77_400218,2015,0.121211370967742
1,Berycidae-77_400240,2015,12.3582605611111
1,Holocentridae-77_400243,2015,0.221747004608295
1,Scorpaenidae-77_400264,2015,42.1411912903226
1,Serranidae-77_400289,2015,0.0624480555555556
1,Carangidae-77_400314,2015,1.5875e-5
1,Lutjanidae-77_400323,2015,15.0162297222222
1,Gerreidae-77_400326,2015,3.57943376344086
1,Haemulidae-77_400327,2015,0.229493611111111
1,Lethrinidae-77_400328,2015,0.787552142857143
1,Sparidae-77_400330,2015,2.872063125
1,Sciaenidae-77_400331,2015,0.628899166666667
1,Mullidae-77_400332,2015,0.111423041474654
1,Mugilidae-77_400359,2015,29.0462188888889
1,Scaridae-77_400364,2015,0.642493571428571
1,Acanthuridae-77_400412,2015,0.197956866359447
1,Trichiuridae-77_400415,2015,1.89440588684375
1,Scombridae-77_400416,2015,4.92053272727273e-4
1,Istiophoridae-77_400419,2015,10.8836657777778
1,Stromateidae-77_400425,2015,0.977751182795699
1,Bothidae-77_400439,2015,2.54002993548387e-5
1,Balistidae-77_400445,2015,0.505482777777778
1,Triakidae-77_400488,2015,0.08667
1,Lithodidae-77_490036,2015,0.021171875
1,Crangonidae-77_490044,2015,0.444934210526316
1,Mytilidae-77_490054,2015,2.14918888888889
1,Veneridae-77_490060,2015,1.37312694444444
1,Brachyura-77_490097,2015,5.17197666666667
1,Mustelus-77_500348,2015,1.2068e-4
1,Lutjanus-77_500357,2015,2.58229722222222
1,Epinephelus-77_500366,2015,3.16750083333333
1,Sphyraena-77_500372,2015,1.31513443875
1,Caranx-77_500467,2015,5.84748972222222
1,Kyphosus-77_500477,2015,0.229523571428571
1,Centropomus-77_500504,2015,0.154346944444444
1,Trachinotus-77_500598,2015,0.115004722222222
1,Isurus-77_500638,2015,1.43335642857143
1,Alopias-77_500639,2015,0.603044285714286
1,Sphyrna-77_500693,2015,0.0724714285714286
1,Micropogonias-77_501327,2015,0.767402777777778
1,Thunnus-77_501905,2015,0.00137543995238095
1,Decapterus-77_502102,2015,0.668432350230415
1,Cynoscion-77_502794,2015,2.3e-4
1,Crassostrea-77_590014,2015,2.20174583333333
1,Haliotis-77_590046,2015,3.54463666666667
1,Strombus-77_590051,2015,1.30447611111111
1,Panulirus-77_590083,2015,8.797995
1,Penaeus-77_590096,2015,8.10371388888889
1,Coryphaena_hippurus-77_600006,2015,8.67613183666667
1,Istiophorus_platypterus-77_600077,2015,1.95381327616667
1,Aprion_virescens-77_600084,2015,1.62445
1,Lamna_nasus-77_600088,2015,2e-5
1,Acanthocybium_solandri-77_600089,2015,1.81051981566667
1,Euthynnus_lineatus-77_600098,2015,0.752160083861111
1,Katsuwonus_pelamis-77_600107,2015,1198.04997222222
1,Scomber_japonicus-77_600117,2015,228.262093861111
1,Squalus_acanthias-77_600139,2015,42.0840123529412
1,Thunnus_alalunga-77_600142,2015,134.478301944444
1,Thunnus_albacares-77_600143,2015,473.610460833333
1,Thunnus_obesus-77_600146,2015,139.891123333333
1,Makaira_indica-77_600217,2015,0.249837795111111
1,Makaira_mazara-77_600218,2015,5.27558670066667
1,Tetrapturus_audax-77_600223,2015,12.2209567191944
1,Xiphias_gladius-77_600226,2015,38.7741381111111
1,Joturus_pichardi-77_600338,2015,0.090273185416666707
1,Seriola_lalandi-77_600382,2015,0.297914166666667
1,Selar_crumenophthalmus-77_600387,2015,2.33357825806452
1,Elagatis_bipinnulata-77_600412,2015,0.0377121428571429
1,Isurus_oxyrinchus-77_600752,2015,0.919241022222222
1,Mugil_cephalus-77_600785,2015,9.23694944444444
1,Prionace_glauca-77_600898,2015,0.064461968
1,Lepidocybium_flavobrunneum-77_601042,2015,0.740883283333333
1,Ruvettus_pretiosus-77_601044,2015,2.87193214285714
1,Lampris_guttatus-77_601072,2015,12.2233955555556
1,Megalops_atlanticus-77_601079,2015,2.7488e-6
1,Anchoa_hepsetus-77_601133,2015,0.003459375
1,Clupea_pallasii_pallasii-77_601520,2015,0.0374331741935484
1,Alopias_superciliosus-77_602534,2015,0.145729444444444
1,Alopias_vulpinus-77_602535,2015,2.87266388888889
1,Tetrapturus_angustirostris-77_603915,2015,0.00450486895
1,Dosidicus_gigas-77_690206,2015,6.41212603938889
1,Crassostrea_gigas-77_690283,2015,34.6829091666667
